INSERT INTO USER_LOGIN_DETAILS VALUES('testuser','password');
INSERT INTO USER_LOGIN_DETAILS VALUES('testuser1','password');


INSERT INTO PHARMACY_DETAILS
(PHARMACY_MASTER_ID,PHARMACY_NAME,IS_REGISTERED,ADDRESS_LINE,AREA,CITY,STATE,POSTAL_CODE,COUNTRY,LATITUDE,LONGITUDE,OPEN_TIME,CLOSED_TIME,PHONE,WEBSITE) 
VALUES('PMID10001','Chennai Medical Agencies','Y','No 6 Reddy Street','Virugambakkam','Chennai','Tamilnadu','600092','India','13.04398','80.17836','6:00 AM','12:00 PM',
'044-2564156','www.chnmed.com');
INSERT INTO PHARMACY_DETAILS
(PHARMACY_MASTER_ID,PHARMACY_NAME,IS_REGISTERED,ADDRESS_LINE,AREA,CITY,STATE,POSTAL_CODE,COUNTRY,LATITUDE,LONGITUDE,OPEN_TIME,CLOSED_TIME,PHONE,WEBSITE) 
VALUES('PMID10002','Ashok Pharmacy','Y','No 221, Old, 40A, Arcot Rd','Virugambakkam','Chennai','Tamilnadu','600092','India','13.04148','80.17481','8:30 AM','10:15 PM',
'044-2564157','www.ashokmed.com');
INSERT INTO PHARMACY_DETAILS
(PHARMACY_MASTER_ID,PHARMACY_NAME,IS_REGISTERED,ADDRESS_LINE,AREA,CITY,STATE,POSTAL_CODE,COUNTRY,LATITUDE,LONGITUDE,OPEN_TIME,CLOSED_TIME,PHONE,WEBSITE) 
VALUES('PMID10003','Anand Pharmacy','Y','No.14, Bhattacharjee St, Sanjay Gandhi Nagar','Virugambakkam','Chennai','Tamilnadu','600092','India','13.05073','80.19082','9:00 AM','10:00 PM',
'044-2564158','www.anandmed.com');





INSERT INTO DRUG_DETAILS(DRUG_ID,DRUG_NAME,IS_ACTIVE) VALUES ('DID1001','ASTHALIN','Y');
INSERT INTO DRUG_DETAILS(DRUG_ID,DRUG_NAME,IS_ACTIVE) VALUES ('DID1002','A TO Z NS Tablet 15`S','Y');


INSERT INTO PHARMACY_DRUG_MASTER(MAPPING_ID,PHARMACY_MASTER_ID,DRUG_ID,IS_AVAILABLE,DRUG_PRICE_EACH,CURRENCY) VALUES ('MID100','PMID10001','DID1001','Y',2.5,'Rs');
INSERT INTO PHARMACY_DRUG_MASTER(MAPPING_ID,PHARMACY_MASTER_ID,DRUG_ID,IS_AVAILABLE,DRUG_PRICE_EACH,CURRENCY) VALUES ('MID101','PMID10002','DID1001','Y',1.5,'Rs');
INSERT INTO PHARMACY_DRUG_MASTER(MAPPING_ID,PHARMACY_MASTER_ID,DRUG_ID,IS_AVAILABLE,DRUG_PRICE_EACH,CURRENCY) VALUES ('MID102','PMID10003','DID1001','Y',1.2,'Rs');
INSERT INTO PHARMACY_DRUG_MASTER(MAPPING_ID,PHARMACY_MASTER_ID,DRUG_ID,IS_AVAILABLE,DRUG_PRICE_EACH,CURRENCY) VALUES ('MID103','PMID10001','DID1002','Y',1.5,'Rs');
INSERT INTO PHARMACY_DRUG_MASTER(MAPPING_ID,PHARMACY_MASTER_ID,DRUG_ID,IS_AVAILABLE,DRUG_PRICE_EACH,CURRENCY) VALUES ('MID104','PMID10002','DID1002','Y',3.5,'Rs');
INSERT INTO PHARMACY_DRUG_MASTER(MAPPING_ID,PHARMACY_MASTER_ID,DRUG_ID,IS_AVAILABLE,DRUG_PRICE_EACH,CURRENCY) VALUES ('MID105','PMID10003','DID1002','Y',4.2,'Rs');